{
  "apps": [
    {
      "title": {
        "pt-PT": "BennuNotificationsClient",
        "en-GB": "BennuNotificationsClient"
      },
      "description": {
        "pt-PT": "BennuNotificationsClient",
        "en-GB": "BennuNotificationsClient"
      },
      "accessExpression": "logged",
      "path": "bennu-notifications-client",
      "functionalities": [
        {
          "title": {
            "pt-PT": "BennuNotificationsClient",
            "en-GB": "BennuNotificationsClient"
          },
          "description": {
            "pt-PT": "BennuNotificationsClient",
            "en-GB": "BennuNotificationsClient"
          },
          "accessExpression": "logged",
          "path": "#"
        }
      ]
    }
  ]
}
